,Anaemia_Num(Thousands),Country_name,mean,mean_se,mean_ci_lower,mean_ci_upper
2000-01-01,79563.801,China,,,,
2001-01-01,76520.032,China,,,,
2002-01-01,74488.868,China,,,,
2003-01-01,72780.049,China,,,,
2004-01-01,71106.276,China,,,,
2005-01-01,69029.713,China,,,,
2006-01-01,66755.52,China,,,,
2007-01-01,64498.979,China,,,,
2008-01-01,62415.887,China,,,,
2009-01-01,60270.218,China,,,,
2010-01-01,58214.6,China,,,,
2011-01-01,56868.151,China,,,,
2012-01-01,56101.659,China,,,,
2013-01-01,55619.499,China,,,,
2014-01-01,55144.19,China,,,,
2015-01-01,55039.664,China,,,,
2016-01-01,55364.981,China,,,,
2017-01-01,54849.864,China,,,,
2018-01-01,54210.419,China,,,,
2019-01-01,54041.359,China,,,,
2020-01-01,,China,54073.63756175356,1492.464721197732,51148.460460009395,56998.814663497724
2021-01-01,,China,54093.02492437141,2064.94757809243,50045.80204134704,58140.24780739579
2022-01-01,,China,54123.8517252019,2488.614359236355,49246.25720968942,59001.44624071438
2023-01-01,,China,54143.31519075231,2835.633224599498,48585.57619717212,59701.054184332505
2024-01-01,,China,54145.33075682272,3132.1939963469777,48006.34333139006,60284.318182255374
2000-01-01,141492.378,India,,,,
2001-01-01,144107.157,India,,,,
2002-01-01,146960.198,India,,,,
2003-01-01,150170.226,India,,,,
2004-01-01,153210.651,India,,,,
2005-01-01,156045.128,India,,,,
2006-01-01,158713.095,India,,,,
2007-01-01,161252.452,India,,,,
2008-01-01,163552.658,India,,,,
2009-01-01,165332.441,India,,,,
2010-01-01,167466.426,India,,,,
2011-01-01,169637.435,India,,,,
2012-01-01,171530.257,India,,,,
2013-01-01,173446.93,India,,,,
2014-01-01,175307.51,India,,,,
2015-01-01,177007.425,India,,,,
2016-01-01,179451.329,India,,,,
2017-01-01,182231.585,India,,,,
2018-01-01,184718.734,India,,,,
2019-01-01,187325.191,India,,,,
2020-01-01,,India,189209.60185777416,210.0201792076695,188797.96987050047,189621.23384504786
2021-01-01,,India,191177.94742310705,308.54858988180564,190573.20329945808,191782.69154675602
2022-01-01,,India,193085.12252774846,400.1108006547254,192300.91976863972,193869.3252868572
2023-01-01,,India,194813.12657852203,503.29258508889575,193826.69123806173,195799.56191898233
2024-01-01,,India,196420.91981115885,616.6421700007237,195212.3233666088,197629.5162557089
2000-01-01,5579.102,United States of America,,,,
2001-01-01,5544.203,United States of America,,,,
2002-01-01,5561.714,United States of America,,,,
2003-01-01,5632.789,United States of America,,,,
2004-01-01,5741.294,United States of America,,,,
2005-01-01,5906.449,United States of America,,,,
2006-01-01,6107.593,United States of America,,,,
2007-01-01,6313.308,United States of America,,,,
2008-01-01,6522.496,United States of America,,,,
2009-01-01,6723.887,United States of America,,,,
2010-01-01,6926.15,United States of America,,,,
2011-01-01,7162.915,United States of America,,,,
2012-01-01,7385.162,United States of America,,,,
2013-01-01,7584.004,United States of America,,,,
2014-01-01,7778.209,United States of America,,,,
2015-01-01,7951.34,United States of America,,,,
2016-01-01,8130.733,United States of America,,,,
2017-01-01,8341.501,United States of America,,,,
2018-01-01,8586.339,United States of America,,,,
2019-01-01,8871.132,United States of America,,,,
2020-01-01,,United States of America,9188.840605796102,18.248313756277447,9153.074568055212,9224.606643536992
2021-01-01,,United States of America,9521.879974362242,54.13092807589602,9415.785304883759,9627.974643840726
2022-01-01,,United States of America,9857.976306454962,106.94101031472464,9648.375777767777,10067.576835142148
2023-01-01,,United States of America,10184.166922196115,180.2106143399542,9830.960608457966,10537.373235934263
2024-01-01,,United States of America,10488.102583592832,271.10915120984987,9956.738411342303,11019.466755843361
2000-01-01,19311.701,Indonesia,,,,
2001-01-01,19138.301,Indonesia,,,,
2002-01-01,18956.102,Indonesia,,,,
2003-01-01,18756.541,Indonesia,,,,
2004-01-01,18544.517,Indonesia,,,,
2005-01-01,18328.708,Indonesia,,,,
2006-01-01,18243.005,Indonesia,,,,
2007-01-01,18138.706,Indonesia,,,,
2008-01-01,18019.219,Indonesia,,,,
2009-01-01,17930.015,Indonesia,,,,
2010-01-01,17899.273,Indonesia,,,,
2011-01-01,18018.367,Indonesia,,,,
2012-01-01,18259.678,Indonesia,,,,
2013-01-01,18604.805,Indonesia,,,,
2014-01-01,19075.651,Indonesia,,,,
2015-01-01,19644.891,Indonesia,,,,
2016-01-01,20254.134,Indonesia,,,,
2017-01-01,20933.731,Indonesia,,,,
2018-01-01,21627.302,Indonesia,,,,
2019-01-01,22330.715,Indonesia,,,,
2020-01-01,,Indonesia,22984.88995478084,46.38183827428075,22893.98322222649,23075.79668733519
2021-01-01,,Indonesia,23570.169102298212,112.95988519276656,23348.77179562261,23791.566408973813
2022-01-01,,Indonesia,24070.86888572677,199.35434757781778,23680.141544312766,24461.596227140773
2023-01-01,,Indonesia,24477.893281060464,304.0355400066014,23881.99457262734,25073.791989493588
2024-01-01,,Indonesia,24785.266774773838,425.31216884161813,23951.670241657648,25618.863307890027
2000-01-01,13023.229,Pakistan,,,,
2001-01-01,13451.183,Pakistan,,,,
2002-01-01,13977.021,Pakistan,,,,
2003-01-01,14560.449,Pakistan,,,,
2004-01-01,15159.131,Pakistan,,,,
2005-01-01,15760.73,Pakistan,,,,
2006-01-01,16392.47,Pakistan,,,,
2007-01-01,17018.306,Pakistan,,,,
2008-01-01,17604.599,Pakistan,,,,
2009-01-01,18166.985,Pakistan,,,,
2010-01-01,18714.44,Pakistan,,,,
2011-01-01,19277.033,Pakistan,,,,
2012-01-01,19762.947,Pakistan,,,,
2013-01-01,20110.417,Pakistan,,,,
2014-01-01,20498.723,Pakistan,,,,
2015-01-01,20904.388,Pakistan,,,,
2016-01-01,21279.947,Pakistan,,,,
2017-01-01,21652.86,Pakistan,,,,
2018-01-01,22017.96,Pakistan,,,,
2019-01-01,22409.047,Pakistan,,,,
2020-01-01,,Pakistan,22795.04342974623,41.79305046758592,22713.1305560257,22876.956303466763
2021-01-01,,Pakistan,23157.663664872605,103.29750321711222,22955.204278874156,23360.123050871054
2022-01-01,,Pakistan,23509.882402834348,170.56557532427868,23175.580018196408,23844.184787472288
2023-01-01,,Pakistan,23856.673664243033,247.54732823928458,23371.48981642492,24341.857512061146
2024-01-01,,Pakistan,24188.408564920162,339.4803965149283,23523.039214293527,24853.777915546798
2000-01-01,12970.719,Brazil,,,,
2001-01-01,12853.922,Brazil,,,,
2002-01-01,12829.683,Brazil,,,,
2003-01-01,12794.825,Brazil,,,,
2004-01-01,12728.739,Brazil,,,,
2005-01-01,12553.844,Brazil,,,,
2006-01-01,12361.641,Brazil,,,,
2007-01-01,12085.959,Brazil,,,,
2008-01-01,11740.797,Brazil,,,,
2009-01-01,11291.44,Brazil,,,,
2010-01-01,10840.586,Brazil,,,,
2011-01-01,10458.0,Brazil,,,,
2012-01-01,10133.441,Brazil,,,,
2013-01-01,9854.319,Brazil,,,,
2014-01-01,9625.116,Brazil,,,,
2015-01-01,9460.561,Brazil,,,,
2016-01-01,9327.307,Brazil,,,,
2017-01-01,9250.545,Brazil,,,,
2018-01-01,9204.105,Brazil,,,,
2019-01-01,9194.903,Brazil,,,,
2020-01-01,,Brazil,9198.685798779647,39.30514169911575,9121.649136642136,9275.722460917157
2021-01-01,,Brazil,9225.10745953696,103.24388175163303,9022.753169679647,9427.461749394271
2022-01-01,,Brazil,9258.6107900615,193.00378315304036,8880.330326201563,9636.891253921438
2023-01-01,,Brazil,9306.244453486795,289.4929008948469,8738.848793952873,9873.640113020718
2024-01-01,,Brazil,9353.121962266081,393.28930254863354,8582.289093765883,10123.954830766279
2000-01-01,16492.205,Nigeria,,,,
2001-01-01,16848.156,Nigeria,,,,
2002-01-01,17186.624,Nigeria,,,,
2003-01-01,17550.671,Nigeria,,,,
2004-01-01,17907.316,Nigeria,,,,
2005-01-01,18247.018,Nigeria,,,,
2006-01-01,18561.701,Nigeria,,,,
2007-01-01,18887.804,Nigeria,,,,
2008-01-01,19237.745,Nigeria,,,,
2009-01-01,19642.034,Nigeria,,,,
2010-01-01,20064.323,Nigeria,,,,
2011-01-01,20471.11,Nigeria,,,,
2012-01-01,20942.25,Nigeria,,,,
2013-01-01,21480.06,Nigeria,,,,
2014-01-01,22071.442,Nigeria,,,,
2015-01-01,22691.599,Nigeria,,,,
2016-01-01,23306.903,Nigeria,,,,
2017-01-01,23971.29,Nigeria,,,,
2018-01-01,24697.257,Nigeria,,,,
2019-01-01,25474.52,Nigeria,,,,
2020-01-01,,Nigeria,26246.889282186086,27.025692532969426,26193.919898164215,26299.858666207958
2021-01-01,,Nigeria,27001.94529695918,73.45120499683308,26857.983580544318,27145.907013374042
2022-01-01,,Nigeria,27749.76601408335,133.0644789690764,27488.964427682375,28010.567600484326
2023-01-01,,Nigeria,28500.107587773575,199.2522536827203,28109.580346717004,28890.634828830145
2024-01-01,,Nigeria,29239.42152119256,274.72044028769017,28700.979352411698,29777.86368997342
2000-01-01,11253.017,Bangladesh,,,,
2001-01-01,11542.836,Bangladesh,,,,
2002-01-01,11889.56,Bangladesh,,,,
2003-01-01,12269.011,Bangladesh,,,,
2004-01-01,12647.985,Bangladesh,,,,
2005-01-01,13012.751,Bangladesh,,,,
2006-01-01,13339.326,Bangladesh,,,,
2007-01-01,13623.526,Bangladesh,,,,
2008-01-01,13879.622,Bangladesh,,,,
2009-01-01,14126.472,Bangladesh,,,,
2010-01-01,14381.358,Bangladesh,,,,
2011-01-01,14627.961,Bangladesh,,,,
2012-01-01,14859.457,Bangladesh,,,,
2013-01-01,15100.314,Bangladesh,,,,
2014-01-01,15342.238,Bangladesh,,,,
2015-01-01,15603.206,Bangladesh,,,,
2016-01-01,15879.936,Bangladesh,,,,
2017-01-01,16154.193,Bangladesh,,,,
2018-01-01,16469.814,Bangladesh,,,,
2019-01-01,16802.47,Bangladesh,,,,
2020-01-01,,Bangladesh,17132.924739338014,16.641081669282798,17100.30881860243,17165.5406600736
2021-01-01,,Bangladesh,17468.12602500383,47.17176687266596,17375.671060846285,17560.58098916137
2022-01-01,,Bangladesh,17786.548053699567,90.8641535692031,17608.457585218213,17964.63852218092
2023-01-01,,Bangladesh,18081.999181122734,148.72134450484867,17790.510702160856,18373.48766008461
2024-01-01,,Bangladesh,18362.911022591197,215.05692612569308,17941.407192758947,18784.414852423448
2000-01-01,8712.041,Russian Federation,,,,
2001-01-01,8715.606,Russian Federation,,,,
2002-01-01,8718.244,Russian Federation,,,,
2003-01-01,8670.076,Russian Federation,,,,
2004-01-01,8564.717,Russian Federation,,,,
2005-01-01,8441.562,Russian Federation,,,,
2006-01-01,8305.857,Russian Federation,,,,
2007-01-01,8151.225,Russian Federation,,,,
2008-01-01,7976.254,Russian Federation,,,,
2009-01-01,7782.27,Russian Federation,,,,
2010-01-01,7597.247,Russian Federation,,,,
2011-01-01,7452.614,Russian Federation,,,,
2012-01-01,7329.451,Russian Federation,,,,
2013-01-01,7209.122,Russian Federation,,,,
2014-01-01,7119.419,Russian Federation,,,,
2015-01-01,7066.103,Russian Federation,,,,
2016-01-01,7059.591,Russian Federation,,,,
2017-01-01,7096.649,Russian Federation,,,,
2018-01-01,7152.67,Russian Federation,,,,
2019-01-01,7220.25,Russian Federation,,,,
2020-01-01,,Russian Federation,7311.484617011128,13.701958302742197,7284.629272220083,7338.339961802172
2021-01-01,,Russian Federation,7425.974739443605,40.44309820718392,7346.707723534309,7505.241755352902
2022-01-01,,Russian Federation,7545.220089403768,73.34324024753168,7401.4699800091375,7688.970198798398
2023-01-01,,Russian Federation,7657.436918270795,109.70582288827535,7442.417456515445,7872.456380026145
2024-01-01,,Russian Federation,7766.245659325757,152.8721179024823,7466.62181399653,8065.869504654983
2000-01-01,6229.85,Mexico,,,,
2001-01-01,6107.923,Mexico,,,,
2002-01-01,6006.837,Mexico,,,,
2003-01-01,5913.396,Mexico,,,,
2004-01-01,5826.847,Mexico,,,,
2005-01-01,5727.613,Mexico,,,,
2006-01-01,5634.182,Mexico,,,,
2007-01-01,5539.566,Mexico,,,,
2008-01-01,5445.688,Mexico,,,,
2009-01-01,5352.714,Mexico,,,,
2010-01-01,5259.537,Mexico,,,,
2011-01-01,5180.86,Mexico,,,,
2012-01-01,5118.347,Mexico,,,,
2013-01-01,5079.619,Mexico,,,,
2014-01-01,5059.864,Mexico,,,,
2015-01-01,5049.737,Mexico,,,,
2016-01-01,5064.097,Mexico,,,,
2017-01-01,5104.701,Mexico,,,,
2018-01-01,5180.217,Mexico,,,,
2019-01-01,5288.233,Mexico,,,,
2020-01-01,,Mexico,5424.5379860523,8.860586220686674,5407.171556177842,5441.904415926758
2021-01-01,,Mexico,5582.172841781142,25.313841333591462,5532.558624456941,5631.787059105342
2022-01-01,,Mexico,5756.692959383623,52.10835140819591,5654.562467329802,5858.823451437444
2023-01-01,,Mexico,5943.160433046672,88.02741350375265,5770.629872927102,6115.690993166241
2024-01-01,,Mexico,6137.877669508947,133.47869430783743,5876.264235962154,6399.4911030557405
2000-01-01,6265.105,Japan,,,,
2001-01-01,6230.982,Japan,,,,
2002-01-01,6182.313,Japan,,,,
2003-01-01,6131.836,Japan,,,,
2004-01-01,6062.459,Japan,,,,
2005-01-01,5977.903,Japan,,,,
2006-01-01,5900.111,Japan,,,,
2007-01-01,5806.331,Japan,,,,
2008-01-01,5702.107,Japan,,,,
2009-01-01,5601.221,Japan,,,,
2010-01-01,5494.461,Japan,,,,
2011-01-01,5399.265,Japan,,,,
2012-01-01,5312.794,Japan,,,,
2013-01-01,5224.908,Japan,,,,
2014-01-01,5137.101,Japan,,,,
2015-01-01,5056.424,Japan,,,,
2016-01-01,4989.332,Japan,,,,
2017-01-01,4923.74,Japan,,,,
2018-01-01,4857.874,Japan,,,,
2019-01-01,4796.481,Japan,,,,
2020-01-01,,Japan,4737.509339434833,7.36702371428871,4723.070238281575,4751.948440588091
2021-01-01,,Japan,4680.503766282891,17.916606510614958,4645.38786279691,4715.619669768872
2022-01-01,,Japan,4628.29825875133,31.148487060667954,4567.248345939509,4689.348171563151
2023-01-01,,Japan,4579.768820985585,49.786339272650615,4482.189389089098,4677.348252882072
2024-01-01,,Japan,4534.476156706844,72.79786430752985,4391.794964512652,4677.157348901037
2000-01-01,4817.536,Ethiopia,,,,
2001-01-01,4830.778,Ethiopia,,,,
2002-01-01,4822.193,Ethiopia,,,,
2003-01-01,4830.597,Ethiopia,,,,
2004-01-01,4815.456,Ethiopia,,,,
2005-01-01,4773.702,Ethiopia,,,,
2006-01-01,4740.795,Ethiopia,,,,
2007-01-01,4689.644,Ethiopia,,,,
2008-01-01,4633.636,Ethiopia,,,,
2009-01-01,4606.47,Ethiopia,,,,
2010-01-01,4619.93,Ethiopia,,,,
2011-01-01,4684.685,Ethiopia,,,,
2012-01-01,4809.887,Ethiopia,,,,
2013-01-01,4967.497,Ethiopia,,,,
2014-01-01,5170.105,Ethiopia,,,,
2015-01-01,5413.033,Ethiopia,,,,
2016-01-01,5667.72,Ethiopia,,,,
2017-01-01,5945.202,Ethiopia,,,,
2018-01-01,6262.344,Ethiopia,,,,
2019-01-01,6607.658,Ethiopia,,,,
2020-01-01,,Ethiopia,6973.721989412739,15.459674479673499,6943.421584219866,7004.022394605612
2021-01-01,,Ethiopia,7362.6157570718715,44.589040000746365,7275.222844565193,7450.00866957855
2022-01-01,,Ethiopia,7758.7962488653975,86.25056874588559,7589.7482404773655,7927.8442572534295
2023-01-01,,Ethiopia,8151.485084219922,147.36190280307554,7862.661062032602,8440.309106407241
2024-01-01,,Ethiopia,8540.335739048987,227.43739127796775,8094.566643406426,8986.104834691549
2000-01-01,4910.17,Philippines,,,,
2001-01-01,4891.277,Philippines,,,,
2002-01-01,4886.428,Philippines,,,,
2003-01-01,4884.986,Philippines,,,,
2004-01-01,4872.149,Philippines,,,,
2005-01-01,4850.75,Philippines,,,,
2006-01-01,4846.411,Philippines,,,,
2007-01-01,4786.759,Philippines,,,,
2008-01-01,4685.368,Philippines,,,,
2009-01-01,4608.539,Philippines,,,,
2010-01-01,4504.593,Philippines,,,,
2011-01-01,4375.569,Philippines,,,,
2012-01-01,4222.598,Philippines,,,,
2013-01-01,4060.859,Philippines,,,,
2014-01-01,3937.424,Philippines,,,,
2015-01-01,3833.458,Philippines,,,,
2016-01-01,3732.246,Philippines,,,,
2017-01-01,3629.459,Philippines,,,,
2018-01-01,3534.017,Philippines,,,,
2019-01-01,3451.797,Philippines,,,,
2020-01-01,,Philippines,3375.811033452261,21.34885249618025,3333.96805144849,3417.6540154560325
2021-01-01,,Philippines,3305.2731547696917,51.530814171678905,3204.274614899175,3406.2716946402084
2022-01-01,,Philippines,3242.7878936203597,85.062635229957,3076.068192139576,3409.5075951011436
2023-01-01,,Philippines,3186.7056273450007,124.78754091642756,2942.1265414294844,3431.284713260517
2024-01-01,,Philippines,3135.467092059081,170.70149489624384,2800.898309955295,3470.035874162867
2000-01-01,5982.026,Egypt,,,,
2001-01-01,6104.899,Egypt,,,,
2002-01-01,6277.581,Egypt,,,,
2003-01-01,6449.508,Egypt,,,,
2004-01-01,6580.061,Egypt,,,,
2005-01-01,6694.967,Egypt,,,,
2006-01-01,6781.912,Egypt,,,,
2007-01-01,6845.534,Egypt,,,,
2008-01-01,6870.896,Egypt,,,,
2009-01-01,6853.217,Egypt,,,,
2010-01-01,6855.003,Egypt,,,,
2011-01-01,6875.352,Egypt,,,,
2012-01-01,6901.601,Egypt,,,,
2013-01-01,6964.643,Egypt,,,,
2014-01-01,6982.674,Egypt,,,,
2015-01-01,6954.942,Egypt,,,,
2016-01-01,6940.55,Egypt,,,,
2017-01-01,6959.535,Egypt,,,,
2018-01-01,6997.976,Egypt,,,,
2019-01-01,7046.628,Egypt,,,,
2020-01-01,,Egypt,7093.919245194301,25.567350110150308,7043.80815979828,7144.030330590322
2021-01-01,,Egypt,7128.987642242839,67.66486583843192,6996.366942180777,7261.6083423049
2022-01-01,,Egypt,7152.963312306176,115.96043391282109,6925.685038205409,7380.241586406943
2023-01-01,,Egypt,7171.063722414332,168.3921813647191,6841.0211116613455,7501.106333167319
2024-01-01,,Egypt,7186.767975572966,221.53606283623716,6752.565271137139,7620.970680008793
2000-01-01,5911.866,Viet Nam,,,,
2001-01-01,5750.05,Viet Nam,,,,
2002-01-01,5557.69,Viet Nam,,,,
2003-01-01,5357.881,Viet Nam,,,,
2004-01-01,5163.162,Viet Nam,,,,
2005-01-01,4982.789,Viet Nam,,,,
2006-01-01,4796.979,Viet Nam,,,,
2007-01-01,4637.828,Viet Nam,,,,
2008-01-01,4491.38,Viet Nam,,,,
2009-01-01,4393.126,Viet Nam,,,,
2010-01-01,4333.688,Viet Nam,,,,
2011-01-01,4312.039,Viet Nam,,,,
2012-01-01,4326.255,Viet Nam,,,,
2013-01-01,4386.126,Viet Nam,,,,
2014-01-01,4470.222,Viet Nam,,,,
2015-01-01,4587.126,Viet Nam,,,,
2016-01-01,4722.556,Viet Nam,,,,
2017-01-01,4869.815,Viet Nam,,,,
2018-01-01,5054.319,Viet Nam,,,,
2019-01-01,5260.606,Viet Nam,,,,
2020-01-01,,Viet Nam,5472.314683209598,12.255434655231273,5448.294472670461,5496.334893748735
2021-01-01,,Viet Nam,5682.113153434417,28.744545559104807,5625.7748793866,5738.451427482233
2022-01-01,,Viet Nam,5890.156600346001,51.4232475056619,5789.368887266814,5990.944313425188
2023-01-01,,Viet Nam,6086.0858578465795,79.59257700945632,5930.087273471315,6242.084442221844
2024-01-01,,Viet Nam,6261.742052267395,115.03512794058797,6036.277344546885,6487.206759987905
2000-01-01,5558.651,Democratic Republic of the Congo,,,,
2001-01-01,5692.03,Democratic Republic of the Congo,,,,
2002-01-01,5845.368,Democratic Republic of the Congo,,,,
2003-01-01,6000.188,Democratic Republic of the Congo,,,,
2004-01-01,6155.775,Democratic Republic of the Congo,,,,
2005-01-01,6306.487,Democratic Republic of the Congo,,,,
2006-01-01,6443.7,Democratic Republic of the Congo,,,,
2007-01-01,6579.335,Democratic Republic of the Congo,,,,
2008-01-01,6692.659,Democratic Republic of the Congo,,,,
2009-01-01,6802.634,Democratic Republic of the Congo,,,,
2010-01-01,6907.621,Democratic Republic of the Congo,,,,
2011-01-01,6997.919,Democratic Republic of the Congo,,,,
2012-01-01,7098.851,Democratic Republic of the Congo,,,,
2013-01-01,7196.356,Democratic Republic of the Congo,,,,
2014-01-01,7309.731,Democratic Republic of the Congo,,,,
2015-01-01,7444.061,Democratic Republic of the Congo,,,,
2016-01-01,7594.704,Democratic Republic of the Congo,,,,
2017-01-01,7765.906,Democratic Republic of the Congo,,,,
2018-01-01,7969.806,Democratic Republic of the Congo,,,,
2019-01-01,8201.823,Democratic Republic of the Congo,,,,
2020-01-01,,Democratic Republic of the Congo,8464.58824524745,7.551267855413839,8449.788032213224,8479.388458281677
2021-01-01,,Democratic Republic of the Congo,8755.365181972704,19.79159147685424,8716.57437548134,8794.155988464068
2022-01-01,,Democratic Republic of the Congo,9065.507929211086,41.44246794589826,8984.282184606669,9146.733673815503
2023-01-01,,Democratic Republic of the Congo,9392.789242800567,74.5375821165844,9246.698266357365,9538.880219243769
2024-01-01,,Democratic Republic of the Congo,9726.756555560281,118.43295484183922,9494.632229487617,9958.880881632946
2000-01-01,4825.828,Iran (Islamic Republic of),,,,
2001-01-01,4829.942,Iran (Islamic Republic of),,,,
2002-01-01,4895.991,Iran (Islamic Republic of),,,,
2003-01-01,4955.76,Iran (Islamic Republic of),,,,
2004-01-01,5007.384,Iran (Islamic Republic of),,,,
2005-01-01,5044.19,Iran (Islamic Republic of),,,,
2006-01-01,5059.002,Iran (Islamic Republic of),,,,
2007-01-01,5084.743,Iran (Islamic Republic of),,,,
2008-01-01,5087.508,Iran (Islamic Republic of),,,,
2009-01-01,5090.665,Iran (Islamic Republic of),,,,
2010-01-01,5098.06,Iran (Islamic Republic of),,,,
2011-01-01,5113.229,Iran (Islamic Republic of),,,,
2012-01-01,5129.992,Iran (Islamic Republic of),,,,
2013-01-01,5165.247,Iran (Islamic Republic of),,,,
2014-01-01,5198.803,Iran (Islamic Republic of),,,,
2015-01-01,5239.863,Iran (Islamic Republic of),,,,
2016-01-01,5291.255,Iran (Islamic Republic of),,,,
2017-01-01,5355.439,Iran (Islamic Republic of),,,,
2018-01-01,5441.546,Iran (Islamic Republic of),,,,
2019-01-01,5544.933,Iran (Islamic Republic of),,,,
2020-01-01,,Iran (Islamic Republic of),5650.285067875867,17.35698339377061,5616.266005543816,5684.304130207917
2021-01-01,,Iran (Islamic Republic of),5750.996698585349,40.724279045740154,5671.178578359339,5830.814818811359
2022-01-01,,Iran (Islamic Republic of),5835.696641560681,75.45007808661995,5687.817205880171,5983.576077241191
2023-01-01,,Iran (Islamic Republic of),5902.830969386448,117.34574203372279,5672.837541261223,6132.824397511672
2024-01-01,,Iran (Islamic Republic of),5954.276290678026,161.4728548337081,5637.795310723094,6270.757270632958
2000-01-01,1924.436,Germany,,,,
2001-01-01,1897.86,Germany,,,,
2002-01-01,1883.178,Germany,,,,
2003-01-01,1869.985,Germany,,,,
2004-01-01,1853.74,Germany,,,,
2005-01-01,1836.214,Germany,,,,
2006-01-01,1816.37,Germany,,,,
2007-01-01,1793.379,Germany,,,,
2008-01-01,1768.438,Germany,,,,
2009-01-01,1747.805,Germany,,,,
2010-01-01,1730.528,Germany,,,,
2011-01-01,1725.337,Germany,,,,
2012-01-01,1723.528,Germany,,,,
2013-01-01,1734.02,Germany,,,,
2014-01-01,1754.349,Germany,,,,
2015-01-01,1783.853,Germany,,,,
2016-01-01,1822.699,Germany,,,,
2017-01-01,1866.302,Germany,,,,
2018-01-01,1915.583,Germany,,,,
2019-01-01,1979.771,Germany,,,,
2020-01-01,,Germany,2051.096065352088,5.09891096002019,2041.1023835100718,2061.089747194104
2021-01-01,,Germany,2130.1722510780587,13.437048950792182,2103.8361190760043,2156.508383080113
2022-01-01,,Germany,2214.4012350317957,26.39657026838491,2162.6649079903805,2266.137562073211
2023-01-01,,Germany,2301.285564832854,44.13157350085109,2214.7892701901037,2387.7818594756045
2024-01-01,,Germany,2389.453149565989,66.4081291616187,2259.295608128532,2519.610691003446
2000-01-01,3851.248,Thailand,,,,
2001-01-01,3902.03,Thailand,,,,
2002-01-01,3940.389,Thailand,,,,
2003-01-01,3968.413,Thailand,,,,
2004-01-01,3996.541,Thailand,,,,
2005-01-01,4028.639,Thailand,,,,
2006-01-01,4067.374,Thailand,,,,
2007-01-01,4090.532,Thailand,,,,
2008-01-01,4096.54,Thailand,,,,
2009-01-01,4095.99,Thailand,,,,
2010-01-01,4096.193,Thailand,,,,
2011-01-01,4096.906,Thailand,,,,
2012-01-01,4099.447,Thailand,,,,
2013-01-01,4095.721,Thailand,,,,
2014-01-01,4099.945,Thailand,,,,
2015-01-01,4107.347,Thailand,,,,
2016-01-01,4123.227,Thailand,,,,
2017-01-01,4138.128,Thailand,,,,
2018-01-01,4155.594,Thailand,,,,
2019-01-01,4169.183,Thailand,,,,
2020-01-01,,Thailand,4184.149096579126,6.014612023387017,4172.360673632306,4195.937519525946
2021-01-01,,Thailand,4197.877540494886,16.206045045321517,4166.114275874222,4229.6408051155495
2022-01-01,,Thailand,4213.2701209873085,29.99747540362886,4154.47614956907,4272.064092405547
2023-01-01,,Thailand,4226.827481427374,44.53413592002608,4139.542178941511,4314.112783913236
2024-01-01,,Thailand,4240.037107622968,59.92010422757789,4122.595861387029,4357.478353858906
2000-01-01,1326.102,United Kingdom of Great Britain and Northern Ireland,,,,
2001-01-01,1306.491,United Kingdom of Great Britain and Northern Ireland,,,,
2002-01-01,1297.542,United Kingdom of Great Britain and Northern Ireland,,,,
2003-01-01,1295.534,United Kingdom of Great Britain and Northern Ireland,,,,
2004-01-01,1298.157,United Kingdom of Great Britain and Northern Ireland,,,,
2005-01-01,1308.285,United Kingdom of Great Britain and Northern Ireland,,,,
2006-01-01,1322.441,United Kingdom of Great Britain and Northern Ireland,,,,
2007-01-01,1341.084,United Kingdom of Great Britain and Northern Ireland,,,,
2008-01-01,1360.364,United Kingdom of Great Britain and Northern Ireland,,,,
2009-01-01,1379.493,United Kingdom of Great Britain and Northern Ireland,,,,
2010-01-01,1399.419,United Kingdom of Great Britain and Northern Ireland,,,,
2011-01-01,1418.964,United Kingdom of Great Britain and Northern Ireland,,,,
2012-01-01,1432.57,United Kingdom of Great Britain and Northern Ireland,,,,
2013-01-01,1445.043,United Kingdom of Great Britain and Northern Ireland,,,,
2014-01-01,1465.712,United Kingdom of Great Britain and Northern Ireland,,,,
2015-01-01,1493.761,United Kingdom of Great Britain and Northern Ireland,,,,
2016-01-01,1527.937,United Kingdom of Great Britain and Northern Ireland,,,,
2017-01-01,1565.753,United Kingdom of Great Britain and Northern Ireland,,,,
2018-01-01,1607.812,United Kingdom of Great Britain and Northern Ireland,,,,
2019-01-01,1665.66,United Kingdom of Great Britain and Northern Ireland,,,,
2020-01-01,,United Kingdom of Great Britain and Northern Ireland,1737.5097326351383,4.143913343807493,1729.3878117262207,1745.631653544056
2021-01-01,,United Kingdom of Great Britain and Northern Ireland,1815.9847982623,12.93549198225817,1790.6316998547675,1841.3378966698326
2022-01-01,,United Kingdom of Great Britain and Northern Ireland,1898.3613865953496,25.633695930373936,1848.1202657811657,1948.6025074095335
2023-01-01,,United Kingdom of Great Britain and Northern Ireland,1985.5473809270688,41.79238149425277,1903.6358183701752,2067.4589434839627
2024-01-01,,United Kingdom of Great Britain and Northern Ireland,2077.215983316123,61.67460124615822,1956.335986112784,2198.0959805194625
2000-01-01,1207.608,France,,,,
2001-01-01,1197.359,France,,,,
2002-01-01,1198.13,France,,,,
2003-01-01,1209.147,France,,,,
2004-01-01,1223.447,France,,,,
2005-01-01,1231.286,France,,,,
2006-01-01,1236.256,France,,,,
2007-01-01,1238.725,France,,,,
2008-01-01,1237.848,France,,,,
2009-01-01,1236.394,France,,,,
2010-01-01,1233.198,France,,,,
2011-01-01,1236.038,France,,,,
2012-01-01,1249.026,France,,,,
2013-01-01,1267.272,France,,,,
2014-01-01,1292.248,France,,,,
2015-01-01,1320.095,France,,,,
2016-01-01,1354.931,France,,,,
2017-01-01,1394.381,France,,,,
2018-01-01,1433.66,France,,,,
2019-01-01,1480.108,France,,,,
2020-01-01,,France,1529.7895128821542,4.320398530261296,1521.3216873639824,1538.257338400326
2021-01-01,,France,1579.185725956805,12.533364500298276,1554.6207829311077,1603.7506689825025
2022-01-01,,France,1628.2147675128358,24.6121216939024,1579.97589540967,1676.4536396160015
2023-01-01,,France,1674.5121873739972,40.69702917691934,1594.7474759094596,1754.2768988385349
2024-01-01,,France,1716.7847051711,59.98826905120277,1599.2098583358438,1834.3595520063564
2000-01-01,1648.569,Italy,,,,
2001-01-01,1625.134,Italy,,,,
2002-01-01,1612.858,Italy,,,,
2003-01-01,1607.336,Italy,,,,
2004-01-01,1603.564,Italy,,,,
2005-01-01,1600.882,Italy,,,,
2006-01-01,1598.502,Italy,,,,
2007-01-01,1592.551,Italy,,,,
2008-01-01,1586.833,Italy,,,,
2009-01-01,1581.878,Italy,,,,
2010-01-01,1579.149,Italy,,,,
2011-01-01,1586.888,Italy,,,,
2012-01-01,1599.495,Italy,,,,
2013-01-01,1615.758,Italy,,,,
2014-01-01,1633.232,Italy,,,,
2015-01-01,1646.151,Italy,,,,
2016-01-01,1662.018,Italy,,,,
2017-01-01,1679.347,Italy,,,,
2018-01-01,1690.874,Italy,,,,
2019-01-01,1703.874,Italy,,,,
2020-01-01,,Italy,1716.6959836313756,3.5563813484355564,1709.725604273152,1723.6663629895993
2021-01-01,,Italy,1725.7837626837668,9.63266208303115,1706.9040919257811,1744.6634334417524
2022-01-01,,Italy,1736.0600277938477,17.742961546384542,1701.2844621838549,1770.8355934038404
2023-01-01,,Italy,1746.0613501089592,28.42071367650247,1690.3577748880894,1801.764925329829
2024-01-01,,Italy,1754.066110608169,40.48235566083759,1674.7221515035862,1833.410069712752
2000-01-01,3617.013,United Republic of Tanzania,,,,
2001-01-01,3703.335,United Republic of Tanzania,,,,
2002-01-01,3785.661,United Republic of Tanzania,,,,
2003-01-01,3869.885,United Republic of Tanzania,,,,
2004-01-01,3958.418,United Republic of Tanzania,,,,
2005-01-01,4040.556,United Republic of Tanzania,,,,
2006-01-01,4102.637,United Republic of Tanzania,,,,
2007-01-01,4150.315,United Republic of Tanzania,,,,
2008-01-01,4188.73,United Republic of Tanzania,,,,
2009-01-01,4231.179,United Republic of Tanzania,,,,
2010-01-01,4275.845,United Republic of Tanzania,,,,
2011-01-01,4334.107,United Republic of Tanzania,,,,
2012-01-01,4411.025,United Republic of Tanzania,,,,
2013-01-01,4508.285,United Republic of Tanzania,,,,
2014-01-01,4628.352,United Republic of Tanzania,,,,
2015-01-01,4763.126,United Republic of Tanzania,,,,
2016-01-01,4889.294,United Republic of Tanzania,,,,
2017-01-01,5008.387,United Republic of Tanzania,,,,
2018-01-01,5149.169,United Republic of Tanzania,,,,
2019-01-01,5308.042,United Republic of Tanzania,,,,
2020-01-01,,United Republic of Tanzania,5465.344849720913,9.038389534816075,5447.62993175443,5483.059767687396
2021-01-01,,United Republic of Tanzania,5616.141011827225,28.738149581263084,5559.815273665625,5672.4667499888255
2022-01-01,,United Republic of Tanzania,5766.229038852114,55.90662023938432,5656.654076685563,5875.804001018665
2023-01-01,,United Republic of Tanzania,5916.994106277708,87.98508205423524,5744.546514274605,6089.441698280811
2024-01-01,,United Republic of Tanzania,6065.013367498963,124.7584137210941,5820.491369837271,6309.535365160655
2000-01-01,4228.015,South Africa,,,,
2001-01-01,4260.211,South Africa,,,,
2002-01-01,4289.419,South Africa,,,,
2003-01-01,4308.633,South Africa,,,,
2004-01-01,4321.085,South Africa,,,,
2005-01-01,4305.601,South Africa,,,,
2006-01-01,4273.741,South Africa,,,,
2007-01-01,4236.959,South Africa,,,,
2008-01-01,4191.243,South Africa,,,,
2009-01-01,4162.061,South Africa,,,,
2010-01-01,4150.187,South Africa,,,,
2011-01-01,4147.97,South Africa,,,,
2012-01-01,4178.986,South Africa,,,,
2013-01-01,4231.783,South Africa,,,,
2014-01-01,4302.881,South Africa,,,,
2015-01-01,4377.446,South Africa,,,,
2016-01-01,4470.351,South Africa,,,,
2017-01-01,4581.219,South Africa,,,,
2018-01-01,4705.741,South Africa,,,,
2019-01-01,4848.298,South Africa,,,,
2020-01-01,,South Africa,4998.325026712303,10.225135923158021,4978.284128565887,5018.365924858719
2021-01-01,,South Africa,5150.41749113083,27.553256325179714,5096.414101076677,5204.420881184983
2022-01-01,,South Africa,5300.90234034525,53.79897897942497,5195.45827914055,5406.34640154995
2023-01-01,,South Africa,5442.541506842937,90.51455017894094,5265.13624841537,5619.946765270505
2024-01-01,,South Africa,5572.8442099336335,135.74963094843352,5306.7798223601,5838.908597507167
2000-01-01,6286.621,Myanmar,,,,
2001-01-01,6241.787,Myanmar,,,,
2002-01-01,6178.52,Myanmar,,,,
2003-01-01,6103.177,Myanmar,,,,
2004-01-01,6021.904,Myanmar,,,,
2005-01-01,5936.861,Myanmar,,,,
2006-01-01,5843.318,Myanmar,,,,
2007-01-01,5748.145,Myanmar,,,,
2008-01-01,5664.712,Myanmar,,,,
2009-01-01,5609.995,Myanmar,,,,
2010-01-01,5585.494,Myanmar,,,,
2011-01-01,5603.645,Myanmar,,,,
2012-01-01,5651.885,Myanmar,,,,
2013-01-01,5729.176,Myanmar,,,,
2014-01-01,5830.328,Myanmar,,,,
2015-01-01,5935.121,Myanmar,,,,
2016-01-01,6037.758,Myanmar,,,,
2017-01-01,6130.54,Myanmar,,,,
2018-01-01,6225.873,Myanmar,,,,
2019-01-01,6320.637,Myanmar,,,,
2020-01-01,,Myanmar,6410.351191345442,7.409935529671551,6395.827984579522,6424.874398111362
2021-01-01,,Myanmar,6484.452690915539,22.496339326692066,6440.360676051231,6528.544705779847
2022-01-01,,Myanmar,6538.379432361687,46.48483955252269,6447.270821011619,6629.4880437117545
2023-01-01,,Myanmar,6569.190861580081,77.37828513940529,6417.532209521376,6720.849513638786
2024-01-01,,Myanmar,6577.946652464774,113.72840325718519,6355.043078061443,6800.850226868105
2000-01-01,3055.992,Kenya,,,,
2001-01-01,3065.835,Kenya,,,,
2002-01-01,3079.768,Kenya,,,,
2003-01-01,3092.6,Kenya,,,,
2004-01-01,3096.213,Kenya,,,,
2005-01-01,3090.593,Kenya,,,,
2006-01-01,3076.899,Kenya,,,,
2007-01-01,3055.695,Kenya,,,,
2008-01-01,3034.436,Kenya,,,,
2009-01-01,3026.864,Kenya,,,,
2010-01-01,3037.488,Kenya,,,,
2011-01-01,3068.641,Kenya,,,,
2012-01-01,3125.605,Kenya,,,,
2013-01-01,3204.372,Kenya,,,,
2014-01-01,3297.793,Kenya,,,,
2015-01-01,3402.185,Kenya,,,,
2016-01-01,3513.203,Kenya,,,,
2017-01-01,3633.512,Kenya,,,,
2018-01-01,3769.471,Kenya,,,,
2019-01-01,3919.763,Kenya,,,,
2020-01-01,,Kenya,4079.0314768597714,4.120826555605058,4070.9548052242494,4087.1081484952933
2021-01-01,,Kenya,4243.2190945170205,15.188677499460134,4213.449833645284,4272.988355388757
2022-01-01,,Kenya,4409.056174710184,34.29685365357991,4341.835576766126,4476.2767726542415
2023-01-01,,Kenya,4572.849017235351,61.786696858720276,4451.749316668565,4693.948717802137
2024-01-01,,Kenya,4731.259336335868,97.77141937524688,4539.630875643023,4922.887797028714
2000-01-01,2405.123,Republic of Korea,,,,
2001-01-01,2378.277,Republic of Korea,,,,
2002-01-01,2336.79,Republic of Korea,,,,
2003-01-01,2292.991,Republic of Korea,,,,
2004-01-01,2245.93,Republic of Korea,,,,
2005-01-01,2191.943,Republic of Korea,,,,
2006-01-01,2141.364,Republic of Korea,,,,
2007-01-01,2086.702,Republic of Korea,,,,
2008-01-01,2016.97,Republic of Korea,,,,
2009-01-01,1949.629,Republic of Korea,,,,
2010-01-01,1887.156,Republic of Korea,,,,
2011-01-01,1833.263,Republic of Korea,,,,
2012-01-01,1782.002,Republic of Korea,,,,
2013-01-01,1736.162,Republic of Korea,,,,
2014-01-01,1697.629,Republic of Korea,,,,
2015-01-01,1666.285,Republic of Korea,,,,
2016-01-01,1642.005,Republic of Korea,,,,
2017-01-01,1624.417,Republic of Korea,,,,
2018-01-01,1610.452,Republic of Korea,,,,
2019-01-01,1608.867,Republic of Korea,,,,
2020-01-01,,Republic of Korea,1615.26008744762,5.546133008748597,1604.389866497004,1626.130308398236
2021-01-01,,Republic of Korea,1626.3070752366048,13.854018514526192,1599.1536979069824,1653.460452566227
2022-01-01,,Republic of Korea,1643.8869153646908,24.310118898685605,1596.2399578633806,1691.533872866001
2023-01-01,,Republic of Korea,1667.4782515010752,37.98675909145598,1593.025571792422,1741.9309312097284
2024-01-01,,Republic of Korea,1694.653838543012,55.061761347496585,1586.734769376579,1802.572907709445
2000-01-01,3271.845,Colombia,,,,
2001-01-01,3276.421,Colombia,,,,
2002-01-01,3270.55,Colombia,,,,
2003-01-01,3254.428,Colombia,,,,
2004-01-01,3232.969,Colombia,,,,
2005-01-01,3200.235,Colombia,,,,
2006-01-01,3155.803,Colombia,,,,
2007-01-01,3096.104,Colombia,,,,
2008-01-01,3029.403,Colombia,,,,
2009-01-01,2962.421,Colombia,,,,
2010-01-01,2897.573,Colombia,,,,
2011-01-01,2840.279,Colombia,,,,
2012-01-01,2791.184,Colombia,,,,
2013-01-01,2752.413,Colombia,,,,
2014-01-01,2736.601,Colombia,,,,
2015-01-01,2731.193,Colombia,,,,
2016-01-01,2747.249,Colombia,,,,
2017-01-01,2778.532,Colombia,,,,
2018-01-01,2827.24,Colombia,,,,
2019-01-01,2884.933,Colombia,,,,
2020-01-01,,Colombia,2951.541140717034,4.432468877838348,2942.8536613538763,2960.228620080192
2021-01-01,,Colombia,3020.7307140705207,10.778289394472944,2999.6056550424037,3041.8557730986377
2022-01-01,,Colombia,3090.0431826733065,20.4255724758892,3050.009796256951,3130.076569089662
2023-01-01,,Colombia,3154.1895755012583,32.587995246042865,3090.3182784906517,3218.060872511865
2024-01-01,,Colombia,3210.4422384769405,47.3846210927253,3117.570087714122,3303.314389239759
2000-01-01,1215.635,Spain,,,,
2001-01-01,1212.883,Spain,,,,
2002-01-01,1222.911,Spain,,,,
2003-01-01,1238.016,Spain,,,,
2004-01-01,1254.334,Spain,,,,
2005-01-01,1275.565,Spain,,,,
2006-01-01,1302.072,Spain,,,,
2007-01-01,1327.485,Spain,,,,
2008-01-01,1344.837,Spain,,,,
2009-01-01,1358.126,Spain,,,,
2010-01-01,1370.063,Spain,,,,
2011-01-01,1370.881,Spain,,,,
2012-01-01,1365.043,Spain,,,,
2013-01-01,1357.038,Spain,,,,
2014-01-01,1349.685,Spain,,,,
2015-01-01,1345.842,Spain,,,,
2016-01-01,1351.604,Spain,,,,
2017-01-01,1360.041,Spain,,,,
2018-01-01,1369.393,Spain,,,,
2019-01-01,1388.383,Spain,,,,
2020-01-01,,Spain,1411.5706682115062,3.810456557493469,1404.1023105941645,1419.039025828848
2021-01-01,,Spain,1430.1343289089032,10.624064324549444,1409.3115454633494,1450.957112354457
2022-01-01,,Spain,1446.5300200330269,18.5117569173664,1410.2476431844284,1482.8123968816253
2023-01-01,,Spain,1461.6211323657503,27.607977617251194,1407.51049054995,1515.7317741815507
2024-01-01,,Spain,1469.9632497686662,38.12407473877194,1395.24143633676,1544.6850632005724
